INSERT INTO EMPLOYEE VALUES (200001, 'Cira', 'Guerrero', 2321322, 'cira@mail.com', '23', 'North Street', 'Tawa', 'Wellington', '5278', '03-SEP-1983', '10-JAN-2013', 100000);
INSERT INTO EMPLOYEE VALUES (200002, 'Essie', 'Sparks', 8270462, 'essie@mail.com', '32', 'South Street', 'Tawa', 'Wellington', '5278', '10-JAN-1983', '20-JAN-2013', 50000);
INSERT INTO EMPLOYEE VALUES (200003, 'Kellie', 'Mendoza', 7049605, 'kellie@mail.com', '223', 'Strawberry Lane', 'Thorndon', 'Wellington', '5433', '04-APR-2000', '9-JAN-2014', 45769);
INSERT INTO EMPLOYEE VALUES (200004, 'Sherman', 'Hudson', 2435421, 'sherman@mail.com', '2a', 'Depot Street', 'Te Aro', 'Wellington', '5270', '10-FEB-1999', '04-APR-2014', 60000);
INSERT INTO EMPLOYEE VALUES (200005, 'Kelly', 'Spencer', 1165121, 'kelly@mail.com', '545', 'Orchard Avenue', 'Brooklyn', 'Wellington', '5273', '11-FEB-1991', '07-MAY-2014', 50000);
INSERT INTO EMPLOYEE VALUES (200006, 'Scott', 'Roberts', 6886164, 'scott@mail.com', '89', 'Hawthorne Avenue', 'Tawa', 'Wellington', '5278', '10-MAR-1989', '22-JAN-2015', 55600);
INSERT INTO EMPLOYEE VALUES (200007, 'Dora', 'Schmidt', 4927862, 'dora@mail.com', '400', '3rd Street West', 'Newtown', 'Wellington', '5300', '20-MAR-1999', '10-SEP-2015', 40500);
INSERT INTO EMPLOYEE VALUES (200008, 'Rita', 'Alexander', 6177467, 'rita@mail.com', '344', 'Green Street', 'Island bay', 'Wellington', '5590', '06-MAR-2001', '14-DEC-2015', 100000);
INSERT INTO EMPLOYEE VALUES (200009, 'Edna', 'Gardner', 9524261, 'edna@mail.com', '45', 'Holly Court', 'Tawa', 'Wellington', '5278', '29-JAN-1996', '10-DEC-2016', 25000);
INSERT INTO EMPLOYEE VALUES (200010, 'Virginia', 'Fields', 3145665, 'virginia@mail.com', '3b', 'Academy Street', 'Te Aro', 'Wellington', '5270', '25-JAN-1999', '03-OCT-2017', 10000);

INSERT INTO CUSTOMER VALUES (100001, 'Cira', 'Nordberg', 2321322, 'cira@mail.com', '23', 'North Street', 'Tawa', 'Wellington', '5278', '01-APR-2018');
INSERT INTO CUSTOMER VALUES (100002, 'Denisha', 'Sligh', 8270462, 'denisha@mail.com', '32', 'South Street', 'Tawa', 'Wellington', '5278', '10-JAN-2018');
INSERT INTO CUSTOMER VALUES (100003, 'Helene', 'Mandel', 7049605, 'helene@mail.com', '223', 'Strawberry Lane', 'Thorndon', 'Wellington', '5433', '04-APR-2018');
INSERT INTO CUSTOMER VALUES (100004, 'Nam', 'Regis', 2435421, 'nam@mail.com', '2a', 'Depot Street', 'Te Aro', 'Wellington', '5270', '10-FEB-2018');
INSERT INTO CUSTOMER VALUES (100005, 'Yung', 'Cyru', 1165121, 'yung@mail.com', '545', 'Orchard Avenue', 'Brooklyn', 'Wellington', '5273', '11-FEB-2018');
INSERT INTO CUSTOMER VALUES (100006, 'Tiffany', 'Simons', 6886164, 'tiffany@mail.com', '89', 'Hawthorne Avenue', 'Tawa', 'Wellington', '5278', '10-MAR-2018');
INSERT INTO CUSTOMER VALUES (100007, 'Marlene', 'Cannaday', 4927862, 'marlene@mail.com', '400', '3rd Street West', 'Newtown', 'Wellington', '5300', '20-MAR-2018');

INSERT INTO SUPPLIER VALUES (300001, 'Computer City', 2345645, 'cc@supplier.com', '23', 'Flat Street', 'Auckland', 1003, 'New Zealand', 'Brian Green', 04132345, 'brian@supplier.com');
INSERT INTO SUPPLIER VALUES (300002, 'Electec', 3425645, 'electec@supplier.com', '577', 'Tech Street', 'Wellington', 1005, 'New Zealand', 'Lisa Door', 04123432, 'ldoor@supplier.com');
INSERT INTO SUPPLIER VALUES (300003, 'Central Supplies', 9995645, 'central.info@supplier.com', '2443', 'Corner Avenue', 'Sydney', 5555, 'Australia', 'Brian Green', 09342423, 'greenman@supplier.com');
INSERT INTO SUPPLIER VALUES (300004, 'Best Buy', 193433432, 'bb_help@supplier.com', '3', '69th Street', 'San Francisco', 10001, 'United States of America', 'David Yankee', 9174785678, 'yankee@supplier.com');
INSERT INTO SUPPLIER VALUES (300005, 'Central Electric', 23432455, 'c.electric@supplier.com', '4566', 'Northen Street', 'Auckland', 1003, 'New Zealand', 'William', 04132356, 'will@supplier.com');
INSERT INTO SUPPLIER VALUES (300006, 'Cellinc', 2563457, 'cellingroup@supplier.com', '1', 'Inner Street', 'Wellington', 1023, 'New Zealand', 'Sara Whilkens', 04132345, 'sara@supplier.com');
INSERT INTO SUPPLIER VALUES (399999, 'REAR - In House', 2322000, 'rear@rear.com', '1', 'Central Street', 'Wellington', 1023, 'New Zealand', 'David Massey', 04132345, 'david@rear.com');

INSERT INTO DEVICE VALUES ('CELL01', 'iPhone');
INSERT INTO DEVICE VALUES ('CELL02', 'Android Phone');
INSERT INTO DEVICE VALUES ('COMP01', 'Mac Desktop');
INSERT INTO DEVICE VALUES ('COMP02', 'MacBook Pro');
INSERT INTO DEVICE VALUES ('COMP03', 'Apple iPad');
INSERT INTO DEVICE VALUES ('COMP04', 'PC Desktop');
INSERT INTO DEVICE VALUES ('COMP05', 'PC Laptop');
INSERT INTO DEVICE VALUES ('HARD01', 'Hard drive');
INSERT INTO DEVICE VALUES ('HARD02', 'Monitor');

INSERT INTO PART VALUES (400001, 'iPhone 6 screen', 30.00, 80.00, 20, 5, 300003);
INSERT INTO PART VALUES (400002, 'iPhone battery', 50.50 , 110.45 , 30 , 5 , 300006);
INSERT INTO PART VALUES (400003, 'Samsung hard drive', 120.10 , 213.00 , 14 , 4 , 300004);
INSERT INTO PART VALUES (400004, 'Apple USB port', 30.33 , 40.00 , 50 , 10 , 300001);
INSERT INTO PART VALUES (400005, '15inch HP screen', 400.00 , 548.34 , 5 , 1 , 300003);
INSERT INTO PART VALUES (400006, '15inch Apple screen', 507.67 , 800.00 , 3 , 2 , 300004);
INSERT INTO PART VALUES (400007, '1.5 amp power cord', 10.45 , 12.45 , 30 , 10 , 300002);
INSERT INTO PART VALUES (400008, 'IBM CPU 3Ghz', 345.67 , 414.45 , 4 , 1 , 300001);
INSERT INTO PART VALUES (400009, '2amp 100mm fan', 80.00 , 100.00 , 24 , 5 , 300006);
INSERT INTO PART VALUES (400010, 'Flux capacitor', 1005.59 , 1500.56 , 145 , 20 , 300005);
INSERT INTO PART VALUES (400011, 'Android screen GXV1', 23.55 , 50.00 , 20 , 5 , 300005);
INSERT INTO PART VALUES (400012, 'Android battery GXV1', 30.00 , 50.00 , 34 , 5 , 300001);
INSERT INTO PART VALUES (400013, 'Computer chip VER23D', 56.00 , 104.00 , 120 , 10 , 300003);
INSERT INTO PART VALUES (400014, 'Power inlet DC/AC', 345.99 , 400.00 , 12 , 2 , 300003);
INSERT INTO PART VALUES (499999, 'LABOUR', 99 , 100 , 1 , 1 , 399999);

INSERT INTO SERVICE VALUES ('APL001', 'Replace broken screen iPhone');
INSERT INTO SERVICE VALUES ('APL002', 'Repair MacBook screen');
INSERT INTO SERVICE VALUES ('APL003', 'Repair iPad screen Apple');
INSERT INTO SERVICE VALUES ('AND001', 'Repair screen');
INSERT INTO SERVICE VALUES ('DRV001', 'Recover data from HD');
INSERT INTO SERVICE VALUES ('PC001', 'Replace fan');
INSERT INTO SERVICE VALUES ('PC002', 'Replace power supply');
INSERT INTO SERVICE VALUES ('MNT001', 'Replace monitor');

INSERT INTO PERFORMANCE VALUES (600001, 'APL001', 400001, 1);
INSERT INTO PERFORMANCE VALUES (600002, 'APL001', 499999, 1);
INSERT INTO PERFORMANCE VALUES (600003, 'APL002', 400006, 1);
INSERT INTO PERFORMANCE VALUES (600004, 'APL002', 499999, 3);
INSERT INTO PERFORMANCE VALUES (600005, 'APL003', 400006, 1);
INSERT INTO PERFORMANCE VALUES (600006, 'APL003', 499999, 2);
INSERT INTO PERFORMANCE VALUES (600007, 'DRV001', 499999, 4);
INSERT INTO PERFORMANCE VALUES (600008, 'PC001', 400007, 2);
INSERT INTO PERFORMANCE VALUES (600009, 'PC001', 400010, 1);
INSERT INTO PERFORMANCE VALUES (600010, 'PC001', 499999, 5);
INSERT INTO PERFORMANCE VALUES (600011, 'PC002', 400009, 1);
INSERT INTO PERFORMANCE VALUES (600012, 'PC002', 400014, 2);
INSERT INTO PERFORMANCE VALUES (600013, 'PC002', 400010, 1);
INSERT INTO PERFORMANCE VALUES (600014, 'PC002', 499999, 5);
INSERT INTO PERFORMANCE VALUES (600015, 'MNT001', 400005, 1);
INSERT INTO PERFORMANCE VALUES (600016, 'MNT001', 499999, 2);

INSERT INTO REPAIR VALUES (700001, 100001, 200001, 'COMP05', 'IBM Smart Top', 'XCV1274', '15-JAN-2013', 'Smoke coming from fan', 'PC001', 'COMPLETE');
INSERT INTO REPAIR VALUES (700002, 100002, 200002, 'HARD02', 'HP Black Box', 'BB412545532', '14-JAN-2013', 'Monitor does not turn on', 'MNT001', 'COMPLETE');
INSERT INTO REPAIR VALUES (700003, 100001, 200001, 'COMP02', '2013 MacBook Pro', '32535-0563-674', '01-JAN-2013', 'Smashed screen', 'APL002', 'COMPLETE');
INSERT INTO REPAIR VALUES (700004, 100003, 200003, 'CELL01', 'iPhone 4s', '42456-15123-4111', '04-APR-2014', 'Screen not working after droping it', 'APL001', 'COMPLETE');
INSERT INTO REPAIR VALUES (700005, 100004, 200004, 'HARD01', 'Seagate', 'ZZZ62362363-09', '05-APR-2014', 'Accidently formatted hard drive', 'DRV001', 'COMPLETE');
INSERT INTO REPAIR VALUES (700006, 100005, 200002, 'COMP04', 'IBM Tower of Power', 'XCV12GAG4DS74', '29-JAN-2016', 'Loud BANG came from back of machine', 'PC002', 'COMPLETE');
INSERT INTO REPAIR VALUES (700007, 100006, 200001, 'CELL02', 'Samsung Galaxy X1', 'A1-FF52-F3515', '25-FEB-2018', 'Broken screen', 'AND001', 'COMPLETE');
INSERT INTO REPAIR VALUES (700008, 100004, 200010, 'COMP03', 'Apple iPad V3', 'FDSA9843-GG4-45GRF-01', '10-MAR-2018', 'Screen not responding to touch', 'APL003', 'UNDER REPAIR');
INSERT INTO REPAIR VALUES (700009, 100007, 200006, 'COMP05', 'HP Gamer', '1998-VAFD-5235', '03-APR-2018', 'Fan stopped working', 'PC001', 'UNDER REPAIR');
INSERT INTO REPAIR VALUES (700010, 100007, 200006, 'COMP05', 'HP Gamer', '1998-VA32-4243', '08-JAN-2013', 'Not turning on', 'PC002', 'NEW');

INSERT INTO INVOICE VALUES (500001, '01-APR-2013', 700001);
INSERT INTO INVOICE VALUES (500002, '15-JAN-2013', 700002);
INSERT INTO INVOICE VALUES (500003, '20-JAN-2013', 700003);
INSERT INTO INVOICE VALUES (500004, '08-APR-2014', 700005);
INSERT INTO INVOICE VALUES (500005, '10-APR-2014', 700004);
INSERT INTO INVOICE VALUES (500006, '11-FEB-2016', 700006);
INSERT INTO INVOICE VALUES (500007, '01-MAR-2018', 700007);

INSERT INTO LINE VALUES (500001, 600008, 24.90);
INSERT INTO LINE VALUES (500001, 600009, 1500.56);
INSERT INTO LINE VALUES (500002, 600015, 548.34);
INSERT INTO LINE VALUES (500002, 600016, 200.00);
INSERT INTO LINE VALUES (500003, 600003, 800.00);
INSERT INTO LINE VALUES (500003, 600004, 300.00);
INSERT INTO LINE VALUES (500004, 600007, 400.00);
INSERT INTO LINE VALUES (500005, 600001, 80.00);
INSERT INTO LINE VALUES (500005, 600002, 100.00);
INSERT INTO LINE VALUES (500006, 600011, 800.00);
INSERT INTO LINE VALUES (500006, 600012, 1500.50);
INSERT INTO LINE VALUES (500006, 600013, 500.00);
INSERT INTO LINE VALUES (500007, 600001, 80.00);
INSERT INTO LINE VALUES (500007, 600002, 100.00);
